<?xml version="1.0"?>
<MenuItems>

  <MenuItem id="printDict">
    <Name>Print Dictionary</Name>
    <CallbackMethod>resultsOutput</CallbackMethod>
    <ConfigUI>
      <Field id="instructions" type="label">
        <Label>Select the class of item.</Label>
      </Field>
      <Field id="classOfThing" type="menu" method="dictToPrint">
        <Label>Class:</Label>
        <List>
          <Option value="actionGroups">Action</Option>
          <Option value="controlPages">Control Page</Option>
          <Option value="devices">Device</Option>
          <Option value="schedules">Schedule</Option>
          <Option value="triggers">Trigger</Option>
          <Option value="variables">Variable</Option>
        </List>
        <CallbackMethod>classToPrint</CallbackMethod>
      </Field>
      <Field id="thingToPrint" type="menu">
        <Label>Item:</Label>
        <List class="self" filter="" method="dictToPrint" dynamicReload="true"/>
      </Field>
    </ConfigUI>
  </MenuItem>

</MenuItems>
