<?xml version = "1.0"?>

<!-- Depricated

<PluginConfig>
	<Field id = "infoLabel0" type = "label">
		<Label>printDict Plugin - Developed by DaveL17</Label>
	</Field>	

	<Field id = "space0" type = "label"/>
	<Field id = "separator0" type = "separator"/>

<!-- Devices -->
	<Field id = "deviceNumber" type = "textfield">
		<Label>Device:</Label>
	</Field>

	<Field id = "printDevice" type = "button">
		<Label> </Label>
		<Title>Print</Title>
		<CallbackMethod>printDevice</CallbackMethod>
	</Field>

<!-- Variables -->
	<Field id = "variableNumber" type = "textfield">
		<Label>Variable:</Label>
	</Field>

	<Field id = "printVariable" type = "button">
		<Label> </Label>
		<Title>Print</Title>
		<CallbackMethod>printVariable</CallbackMethod>
	</Field>

<!-- Triggers -->
	<Field id = "triggerNumber" type = "textfield">
		<Label>Trigger:</Label>
	</Field>

	<Field id = "printTrigger" type = "button">
		<Label> </Label>
		<Title>Print</Title>
		<CallbackMethod>printTrigger</CallbackMethod>
	</Field>

<!-- Schedules -->
	<Field id = "scheduleNumber" type = "textfield">
		<Label>Schedule:</Label>
	</Field>

	<Field id = "printSchedule" type = "button">
		<Label> </Label>
		<Title>Print</Title>
		<CallbackMethod>printSchedule</CallbackMethod>
	</Field>

<!-- Actions -->
	<Field id = "actionNumber" type = "textfield">
		<Label>Action:</Label>
	</Field>

	<Field id = "printAction" type = "button">
		<Label> </Label>
		<Title>Print</Title>
		<CallbackMethod>printAction</CallbackMethod>
	</Field>

<!-- Plugin -->
	<Field id = "pluginNumber" type = "textfield" defaultValue = "Not Yet Implemented.">
		<Label>Plugin:</Label>
	</Field>

	<Field id = "printPlugin" type = "button">
		<Label> </Label>
		<Title>Print</Title>
		<CallbackMethod>printPlugin</CallbackMethod>
	</Field>

</PluginConfig>
-->