<?xml version="1.0"?>
<MenuItems>

  <MenuItem id="writeActionDict">
    <Name>Print Action Dict</Name>
    <CallbackMethod>customWriteAction</CallbackMethod>
    <ConfigUI>
      <Field id = "instructions" type = "label">
        <Label>Enter the Action Group ID below.</Label>
      </Field>	
      <Field
        id="indigoActionID"
        type="menu">
        <List class = "self" filter = "" method = "customActionList"/>
        <Label>Action:</Label>
      </Field>
    </ConfigUI>
  </MenuItem>

  <MenuItem id="writeControlPageDict">
    <Name>Print Control Page Dict</Name>
    <CallbackMethod>customWriteControlPage</CallbackMethod>
    <ConfigUI>
      <Field id = "instructions" type = "label">
        <Label>Enter the Control Page ID below.</Label>
      </Field>	
      <Field
        id="indigoControlPageID"
        type="menu">
        <List class = "self" filter = "" method = "customControlPageList"/>
        <Label>Control Page:</Label>
      </Field>
    </ConfigUI>
  </MenuItem>

  <MenuItem id="writeDeviceDict">
    <Name>Print Device Dict</Name>
    <CallbackMethod>customWriteDevice</CallbackMethod>
    <ConfigUI>
      <Field id = "instructions" type = "label">
        <Label>Enter the Device ID below.</Label>
      </Field>	
      <Field
        id="indigoDeviceID"
        type="menu">
        <List class = "self" filter = "" method = "customDeviceList"/>
        <Label>Device:</Label>
      </Field>
    </ConfigUI>
  </MenuItem>

  <MenuItem id="writeScheduleDict">
    <Name>Print Schedule Dict</Name>
    <CallbackMethod>customWriteSchedule</CallbackMethod>
    <ConfigUI>
      <Field id = "instructions" type = "label">
        <Label>Enter the Schedule ID below.</Label>
      </Field>	
      <Field
        id="indigoScheduleID"
        type="menu">
        <List class = "self" filter = "" method = "customScheduleList"/>
        <Label>Schedule:</Label>
      </Field>
    </ConfigUI>
  </MenuItem>

  <MenuItem id="writeTriggerDict">
    <Name>Print Trigger Dict</Name>
    <CallbackMethod>customWriteTrigger</CallbackMethod>
    <ConfigUI>
      <Field id = "instructions" type = "label">
        <Label>Enter the Trigger ID below.</Label>
      </Field>	
      <Field
        id="indigoTriggerID"
        type="menu">
        <List class = "self" filter = "" method = "customTriggerList"/>
        <Label>Trigger:</Label>
      </Field>
    </ConfigUI>
  </MenuItem>

  <MenuItem id="writeVariableDict">
    <Name>Print Variable Dict</Name>
    <CallbackMethod>customWriteVariable</CallbackMethod>
    <ConfigUI>
      <Field id = "instructions" type = "label">
        <Label>Enter the Variable ID below.</Label>
      </Field>	
      <Field
        id="indigoVariableID"
        type="menu">
        <List class = "self" filter = "" method = "customVariableList"/>
        <Label>Variable:</Label>
      </Field>
    </ConfigUI>
  </MenuItem>

</MenuItems>
